City,Country,Date,Lat,Lng,Wind Speed,Cloudiness,Max Temp,Humidity
Rikitea,PF,1584411815,-23.12,-134.97,4.67,55,300.21,81
Cidreira,BR,1584411818,-30.18,-50.21,5.3,89,295.73,81
Bluff,NZ,1584411865,-46.6,168.33,1.79,51,284.26,76
Ponta do Sol,PT,1584411842,32.67,-17.1,8.2,40,288.15,62
Punta Arenas,CL,1584411594,-53.15,-70.92,10.3,71,282.15,66
Canmore,CA,1584411866,51.08,-115.35,6.2,20,273.15,57
Port-Cartier,CA,1584411866,50.03,-66.87,1.5,20,258.71,83
Kaeo,NZ,1584411866,-35.1,173.78,6.26,98,294.26,60
Chui,UY,1584411860,-33.7,-53.46,3.34,0,290.86,76
Ferkessédougou,CI,1584411867,9.6,-5.2,2.45,99,299.61,60
New Norfolk,AU,1584411742,-42.78,147.06,5.1,67,297.59,43
Flin Flon,CA,1584411867,54.77,-101.86,4.41,67,256.58,86
Plettenberg Bay,ZA,1584411867,-34.05,23.37,2.53,17,290.74,76
Port Alfred,ZA,1584411815,-33.59,26.89,3.13,2,290.93,81
Sisimiut,GL,1584411868,66.94,-53.67,7.18,16,248.96,71
Bengkulu,ID,1584411834,-3.8,102.27,0.54,20,305.04,54
Busselton,AU,1584411825,-33.65,115.33,3.58,30,295.37,71
Bredasdorp,ZA,1584411818,-34.53,20.04,3.6,28,291.48,82
Yellowknife,CA,1584411746,62.46,-114.35,3.6,90,253.15,48
Ushuaia,AR,1584411495,-54.8,-68.3,14.9,40,281.15,61
Hobart,AU,1584411593,-42.88,147.33,5.1,12,297.59,43
Hermanus,ZA,1584411744,-34.42,19.23,0.45,44,291.48,68
Karratha,AU,1584411855,-20.74,116.85,4.66,0,303.4,68
Anloga,GH,1584411870,5.79,0.9,4.6,20,301.15,83
Tuktoyaktuk,CA,1584411814,69.45,-133.04,13.4,90,265.15,85
Hilo,US,1584411724,19.73,-155.09,4.1,75,297.59,78
Carnarvon,AU,1584411825,-24.87,113.63,7.7,40,299.15,65
Slave Lake,CA,1584411870,55.28,-114.77,2.64,90,270.15,53
Atuona,PF,1584411750,-9.8,-139.03,4.64,67,301.24,67
Geraldton,AU,1584411843,-28.77,114.6,5.7,75,296.15,64
Alofi,NU,1584411850,-19.06,-169.92,3.1,75,302.15,79
Cuamba,MZ,1584411871,-14.8,36.54,1.1,22,291.31,98
Okhotsk,RU,1584411871,59.38,143.3,6.35,11,261.29,67
Yangi Marg`ilon,UZ,1584411756,40.43,71.72,3.1,85,283.15,61
Haines Junction,CA,1584411871,60.75,-137.51,1.11,0,265.33,86
Batamshinskiy,KZ,1584411872,50.56,58.27,7.0,0,268.15,85
Klaksvík,FO,1584411830,62.23,-6.59,7.2,76,278.15,64
Shingū,JP,1584411872,33.73,135.98,2.6,40,283.15,57
Manokwari,ID,1584411836,-0.87,134.08,2.45,100,299.96,65
Codrington,AU,1584411872,-38.27,141.97,5.72,100,294.8,50
Khor,RU,1584411872,47.89,134.95,5.35,86,267.94,89
Puerto Ayora,EC,1584411818,-0.74,-90.35,2.24,76,299.26,81
Ternate,ID,1584411827,0.8,127.4,1.59,51,305.31,52
Taytay,PH,1584411873,14.57,121.14,2.6,40,303.71,58
Bathsheba,BB,1584411829,13.22,-59.52,4.1,20,298.15,73
Douentza,ML,1584411873,15.0,-2.95,2.57,79,300.8,10
Mar del Plata,AR,1584411758,-38.0,-57.56,2.1,0,290.93,82
Treinta y Tres,UY,1584411874,-33.23,-54.38,4.61,0,287.86,86
Grindavik,IS,1584411779,63.84,-22.43,3.1,90,274.15,90
East London,ZA,1584411825,-33.02,27.91,9.0,22,291.71,78
Amapá,BR,1584411874,1.0,-52.0,1.18,96,295.58,99
High Level,CA,1584411874,58.52,-117.14,4.6,90,269.15,41
Saskylakh,RU,1584411860,71.92,114.08,6.55,10,240.06,91
Antsohihy,MG,1584411875,-14.88,47.99,0.92,27,295.27,92
Severnoye,RU,1584411875,56.35,78.36,2.57,100,267.98,89
Albany,US,1584411824,42.6,-73.97,7.2,75,277.15,55
Ossora,RU,1584411875,59.24,163.07,4.54,100,272.37,94
Clyde River,CA,1584411839,70.47,-68.59,3.1,75,242.15,74
Bethel,US,1584411837,41.37,-73.41,4.1,75,277.59,69
Lebu,CL,1584411876,-37.62,-73.65,3.25,7,287.02,80
Port Elizabeth,ZA,1584411618,-33.92,25.57,9.8,0,291.15,77
Cape Town,ZA,1584411362,-33.93,18.42,0.5,31,291.48,77
Qaryat Sulūq,LY,1584411876,31.67,20.25,8.27,0,286.33,71
Airai,TL,1584411778,-8.93,125.41,2.38,59,300.46,56
Palmer,US,1584411877,42.16,-72.33,4.1,1,274.82,59
Mataura,NZ,1584411816,-46.19,168.86,1.79,43,284.26,76
Tuatapere,NZ,1584411822,-46.13,167.68,1.79,1,284.26,76
Kalmunai,LK,1584411878,7.42,81.82,5.9,100,301.55,76
Kapaa,US,1584411835,22.08,-159.32,6.7,90,296.15,94
Mufumbwe,ZM,1584411878,-13.68,24.8,3.56,100,290.8,98
Grand Gaube,MU,1584411876,-20.01,57.66,4.1,75,297.15,94
Manaquiri,BR,1584411879,-3.32,-60.35,2.1,100,302.15,74
Tsabong,BW,1584411879,-26.02,22.4,4.04,47,295.58,51
Avera,US,1584411818,33.19,-82.53,2.1,90,289.15,82
Adrar,MR,1584411879,20.5,-10.07,4.48,53,291.44,22
Wanning,CN,1584411879,18.8,110.4,3.64,100,297.15,75
Kemijärvi,FI,1584411838,66.71,27.43,3.96,96,267.14,94
Olafsvik,IS,1584411868,64.89,-23.71,22.57,95,271.23,78
Dessie,ET,1584411880,11.13,39.63,0.89,90,284.38,86
Kysyl-Syr,RU,1584411880,63.9,122.76,1.31,100,264.93,92
Ariano Irpino,IT,1584411881,41.15,15.08,0.5,5,283.15,93
Avarua,CK,1584411749,-21.21,-159.78,5.7,100,299.15,94
Kaitangata,NZ,1584411821,-46.28,169.85,3.74,100,283.61,61
Tasiilaq,GL,1584411814,65.61,-37.64,1.76,100,262.15,85
Shurugwi,ZW,1584411881,-19.67,30.01,5.82,100,289.83,93
Kupang,ID,1584411882,-10.17,123.58,2.1,20,304.15,62
Saint-Philippe,RE,1584411786,-21.36,55.77,2.1,75,297.15,88
Banda Aceh,ID,1584411804,5.56,95.32,2.63,24,302.65,66
Nikolskoye,RU,1584411801,59.7,30.79,1.0,0,272.04,92
Port Hedland,AU,1584411882,-20.32,118.57,2.1,0,309.15,44
Samarai,PG,1584411882,-10.62,150.67,3.98,99,303.39,59
Santa Maria,BR,1584411680,-29.68,-53.81,2.83,0,291.08,86
Lorengau,PG,1584411820,-2.02,147.27,7.33,100,299.27,87
Mandurah,AU,1584411728,-32.55,115.7,6.7,40,296.48,64
Westport,US,1584411870,41.14,-73.36,4.6,90,278.71,64
Saldanha,ZA,1584411768,-33.01,17.94,3.6,0,294.15,49
Jamestown,US,1584411778,42.1,-79.24,1.5,90,279.15,75
Alexandria,EG,1584411884,31.22,29.96,6.2,40,288.15,82
Dikson,RU,1584411817,73.51,80.55,13.68,100,257.4,93
Lavrentiya,RU,1584411849,65.58,-171.0,5.7,100,272.56,96
Villazón,BO,1584411884,-22.09,-65.59,2.78,100,284.39,82
Lake Shasta,US,1584411884,40.68,-122.37,1.5,90,284.15,62
Saint-Augustin,CA,1584411885,51.23,-58.65,4.0,0,261.2,86
Nanortalik,GL,1584411823,60.14,-45.24,15.71,0,265.45,60
Nabire,ID,1584411867,-3.37,135.48,1.33,44,301.9,75
Leningradskiy,RU,1584411763,69.38,178.42,4.14,100,269.9,81
Korla,CN,1584411773,41.76,86.15,2.6,33,276.48,93
Sorong,ID,1584411877,-0.88,131.25,0.17,39,308.49,42
Souillac,MU,1584411886,-20.52,57.52,4.1,75,297.15,94
Buala,SB,1584411886,-8.14,159.59,1.8,40,301.49,75
Noumea,NC,1584411858,-22.28,166.46,5.1,90,301.48,65
Ocean City,US,1584411790,39.28,-74.57,2.6,90,280.15,70
Sann,PK,1584411886,26.04,68.14,2.1,40,289.15,77
Castro,BR,1584411616,-24.79,-50.01,1.18,99,290.77,97
Bergisch Gladbach,DE,1584411887,50.98,7.13,3.1,75,284.26,81
Portland,US,1584411747,45.52,-122.68,6.7,20,287.59,35
Huarmey,PE,1584411861,-10.07,-78.15,0.95,99,296.8,68
Monrovia,LR,1584411887,6.3,-10.8,3.5,75,299.15,94
Kambam,ID,1584411888,5.25,96.86,1.97,8,300.86,67
Maceió,BR,1584411888,-9.67,-35.74,1.5,75,297.15,94
Butaritari,KI,1584411815,3.07,172.79,4.22,60,301.94,75
Mossamedes,AO,1584411820,-15.2,12.15,3.53,99,296.82,83
Banff,CA,1584411888,51.18,-115.57,5.36,8,270.93,56
Berlevåg,NO,1584411822,70.86,29.09,16.46,100,270.33,76
Santa Vitória do Palmar,BR,1584411659,-33.52,-53.37,3.34,0,290.86,76
Nālūt,LY,1584411889,30.33,10.85,11.17,51,286.71,70
Barrow,US,1584411634,71.29,-156.79,3.1,40,260.15,84
Yenagoa,NG,1584411890,4.92,6.26,1.48,100,299.75,87
Marondera,ZW,1584411890,-18.19,31.55,2.1,67,288.15,87
Myanaung,MM,1584411890,18.28,95.32,2.05,0,305.24,23
Kiama,AU,1584411854,-34.68,150.87,4.1,40,296.15,43
Port Hardy,CA,1584411812,50.7,-127.42,4.1,5,283.15,46
Arrondissement de Troyes,FR,1584411890,48.33,4.08,2.6,90,283.15,87
Narsaq,GL,1584411844,60.92,-46.05,1.5,0,263.15,56
Semey,KZ,1584411891,50.41,80.23,5.0,0,273.15,78
São Filipe,CV,1584411846,14.9,-24.5,7.37,0,293.08,75
Port Blair,IN,1584411667,11.67,92.75,5.16,89,301.51,75
Arraial do Cabo,BR,1584411822,-22.97,-42.03,9.48,100,298.94,86
Thompson,CA,1584411824,55.74,-97.86,8.2,90,260.15,71
Suşehri,TR,1584411892,40.16,38.09,6.13,100,261.25,94
Cabo San Lucas,MX,1584411782,22.89,-109.91,2.6,20,295.15,56
Mezen',RU,1584411892,65.85,44.24,7.22,30,266.82,90
Sechura,PE,1584411891,-5.56,-80.82,2.07,100,297.71,81
Hualmay,PE,1584411835,-11.1,-77.61,1.29,100,296.13,72
Ribeira Grande,PT,1584411761,38.52,-28.7,5.13,91,287.64,87
Vanimo,PG,1584411893,-2.67,141.3,2.36,100,300.71,74
Nianzishan,CN,1584411893,47.52,122.88,2.29,0,273.8,100
Faanui,PF,1584411750,-16.48,-151.75,3.0,40,301.61,71
Qaanaaq,GL,1584411748,77.48,-69.36,6.08,9,249.77,65
Salalah,OM,1584411809,17.02,54.09,1.5,75,298.15,73
Krasnoarmeysk,RU,1584411894,51.02,45.7,0.45,0,270.37,68
Hasaki,JP,1584411894,35.73,140.83,2.1,75,284.26,36
Torbay,CA,1584411824,47.67,-52.73,1.5,5,264.82,72
Kalamb,IN,1584411894,19.05,73.95,3.37,3,299.65,29
Davila,PH,1584411895,18.47,120.58,1.5,40,303.15,55
Katsuura,JP,1584411874,35.13,140.3,2.1,75,283.71,45
Nanga Eboko,CM,1584411895,4.68,12.37,1.45,44,294.71,94
Pisco,PE,1584411753,-13.7,-76.22,8.2,40,296.15,78
Smithers,CA,1584411723,54.78,-127.17,2.6,20,278.15,25
Coos Bay,US,1584411821,43.37,-124.22,2.1,1,287.59,71
Francisco Beltrão,BR,1584411896,-26.08,-53.05,0.55,8,292.56,80
Kahului,US,1584411751,20.89,-156.47,3.6,75,300.15,61
Petropavlovsk-Kamchatskiy,RU,1584411863,53.05,158.65,4.0,86,271.15,39
Anito,PH,1584411896,12.45,125.29,9.17,82,299.95,79
Alcamo,IT,1584411896,38.0,12.96,0.5,20,285.37,87
Vaini,TO,1584411818,-21.2,-175.2,9.8,75,304.15,74
Ati,TD,1584411897,13.22,18.34,4.46,0,295.36,11
Najrān,SA,1584411897,17.49,44.13,1.0,69,294.15,28
Isangel,VU,1584411897,-19.55,169.27,6.2,75,303.15,74
Aklavik,CA,1584411866,68.22,-135.01,4.6,75,267.15,79
Zhalantun,CN,1584411899,48.0,122.72,4.46,0,275.1,80
Ancud,CL,1584411882,-41.87,-73.82,1.5,20,286.15,100
Cabra,ES,1584411832,37.47,-4.44,2.6,20,281.15,93
Comodoro Rivadavia,AR,1584411899,-45.87,-67.5,3.1,75,289.15,87
Maués,BR,1584411899,-3.38,-57.72,0.9,98,297.0,93
Yauya,PE,1584411900,-8.98,-77.3,1.76,100,279.27,94
Igarka,RU,1584411900,67.47,86.58,6.32,100,249.59,83
Tacoronte,ES,1584411900,28.48,-16.41,4.6,90,292.04,81
Saint George,US,1584411825,37.1,-113.58,4.6,1,289.26,58
Hong Kong,HK,1584411576,22.29,114.16,6.2,40,294.82,77
Kaduqli,SD,1584411900,11.02,29.72,7.14,93,297.31,12
Esperance,AU,1584411817,-33.87,121.9,5.1,40,300.15,51
Sitka,US,1584411784,57.05,-135.33,4.1,90,277.15,80
Vryburg,ZA,1584411901,-26.96,24.73,3.34,30,290.83,73
Zharkent,KZ,1584411901,44.16,80.0,5.38,100,285.25,24
Cullinan,ZA,1584411901,-25.67,28.52,4.6,70,290.15,72
Aktau,KZ,1584411902,43.65,51.2,3.0,96,272.15,92
Provideniya,RU,1584411843,64.38,-173.3,6.0,90,272.15,86
Gushikawa,JP,1584411902,26.35,127.87,2.1,1,292.15,55
Henties Bay,NA,1584411902,-22.12,14.28,1.75,27,289.26,94
Saint Paul Harbor,US,1584411651,57.79,-152.41,3.1,90,278.15,75
Hithadhoo,MV,1584411817,-0.6,73.08,5.13,61,302.01,71
Cambridge,CA,1584411651,43.36,-80.31,3.1,90,275.37,97
Ariquemes,BR,1584411903,-9.91,-63.04,1.28,100,296.4,98
Half Moon Bay,US,1584411588,37.46,-122.43,3.1,75,284.26,71
Ipswich,GB,1584411903,52.06,1.16,4.1,1,279.82,87
Nuuk,GL,1584411733,64.18,-51.72,6.2,0,258.15,50
Dhidhdhoo,MV,1584411904,6.88,73.1,4.04,100,301.62,72
Touros,BR,1584411788,-5.2,-35.46,1.0,75,298.15,94
Alghero,IT,1584411904,40.56,8.32,1.91,3,280.49,91
Ovsyanka,RU,1584411904,55.96,92.55,12.0,10,272.15,58
Dingle,PH,1584411861,11.0,122.67,5.26,1,302.76,54
Gaoual,GN,1584411904,11.75,-13.2,1.47,88,294.55,33
Medicine Hat,CA,1584411905,50.05,-110.67,5.1,5,268.15,62
Kuminskiy,RU,1584411905,58.67,66.57,5.25,100,272.1,94
Henderson,US,1584411905,36.04,-114.98,9.8,1,292.15,36
Cradock,ZA,1584411905,-32.16,25.62,0.55,100,285.81,83
Muros,ES,1584411849,42.78,-9.06,2.6,20,283.71,87
Upernavik,GL,1584411736,72.79,-56.15,4.08,0,245.19,50
Chake Chake,TZ,1584411906,-5.25,39.77,4.11,100,302.18,78
Sarangani,PH,1584411906,5.4,125.46,9.07,99,300.7,74
Northam,GB,1584411906,51.03,-4.22,4.1,100,282.04,87
Eureka,US,1584411898,40.8,-124.16,2.1,90,282.59,66
Tomigusuku,JP,1584411907,26.18,127.67,1.5,20,292.15,55
Tiksi,RU,1584411814,71.69,128.87,2.56,100,253.35,94
Petra,JO,1584411908,30.32,35.48,1.36,0,284.01,71
Natal,BR,1584411908,-5.79,-35.21,1.0,75,298.15,94
Tyukhtet,RU,1584411908,56.54,89.3,5.37,100,267.67,86
Bilma,NE,1584411897,18.69,12.92,5.28,91,294.07,7
Asilah,MA,1584411841,35.47,-6.03,4.1,40,284.15,71
Khatanga,RU,1584411785,71.97,102.5,3.66,0,240.96,95
Tocopilla,CL,1584411758,-22.09,-70.2,1.79,2,286.31,50
Dīr,PK,1584411909,35.21,71.88,2.31,3,283.3,52
Talnakh,RU,1584411835,69.49,88.4,6.0,95,251.15,76
Mahébourg,MU,1584411847,-20.41,57.7,4.1,75,297.15,94
Champasak,LA,1584411910,14.75,106.0,4.1,40,303.15,58
Fortuna,US,1584411837,40.6,-124.16,1.04,75,283.15,75
Bilibino,RU,1584411766,68.05,166.44,2.18,89,265.33,85
Muravlenko,RU,1584411910,63.79,74.52,12.18,78,261.2,84
Kieta,PG,1584411910,-6.22,155.63,2.54,84,302.06,69
Zhigansk,RU,1584411889,66.77,123.37,6.7,95,251.29,94
Nantucket,US,1584411911,41.28,-70.1,4.6,90,274.82,69
Nome,US,1584411731,64.5,-165.41,5.7,90,272.15,86
Soligalich,RU,1584411911,59.08,42.29,2.84,98,271.87,96
Waddān,LY,1584411839,29.16,16.14,2.99,0,287.14,79
Verkhoyansk,RU,1584411857,67.54,133.38,1.14,98,255.24,90
College,US,1584411767,64.86,-147.8,1.5,90,275.15,94
Biak,ID,1584411912,-0.91,122.88,3.89,0,301.4,74
Aksarka,RU,1584411807,66.56,67.8,7.47,100,266.94,94
São João da Barra,BR,1584411855,-21.64,-41.05,7.14,47,298.96,86
Mangai,CD,1584411912,-4.05,19.53,0.65,100,293.95,96
Itararé,BR,1584411912,-24.11,-49.33,1.75,0,293.08,92
Sovetskoye,RU,1584411913,52.29,85.41,1.7,100,272.49,93
Severo-Kuril'sk,RU,1584411739,50.68,156.12,2.69,99,267.65,80
León,MX,1584411752,21.12,-101.67,1.08,75,291.15,52
Kaa-Khem,RU,1584411724,51.68,94.73,0.92,100,270.94,93
Port Moresby,PG,1584411913,-9.44,147.18,6.2,40,302.15,79
Naze,JP,1584411786,28.37,129.48,2.1,75,290.15,55
Bambous Virieux,MU,1584411481,-20.34,57.76,4.1,75,297.15,94
Ugoofaaru,MV,1584411914,5.67,73.0,6.54,100,301.61,77
Longyearbyen,SJ,1584411815,78.22,15.64,2.6,40,248.15,69
Raudeberg,NO,1584411914,61.99,5.14,14.9,100,278.71,86
Bauchi,NG,1584411915,10.5,10.0,1.33,74,291.08,12
Sampit,ID,1584411915,-2.53,112.95,1.07,8,301.76,87
Alenquer,BR,1584411915,-1.94,-54.74,1.5,71,298.15,94
Tessalit,ML,1584411884,20.2,1.01,3.36,28,296.71,9
Tomatlán,MX,1584411916,19.93,-105.25,0.63,0,293.69,89
Antofagasta,CL,1584411664,-23.65,-70.4,2.1,20,291.15,82
Chincholi,IN,1584411916,17.47,77.43,3.76,0,300.39,46
Río Gallegos,AR,1584411821,-51.62,-69.22,5.1,3,281.15,65
Chokurdakh,RU,1584411847,70.63,147.92,0.48,0,249.85,88
Balogo,PH,1584411916,10.89,124.71,1.92,90,303.21,55
Iguatu,BR,1584411917,-6.36,-39.3,1.62,100,294.83,97
Alice Springs,AU,1584411710,-23.7,133.88,7.7,0,303.15,25
San Rafael,AR,1584411917,-34.62,-68.33,5.83,0,293.71,70
Deputatsky,RU,1584411816,69.3,139.9,0.64,91,254.13,81
Géri,CY,1584411918,35.1,33.42,2.1,40,288.15,87
Akureyri,IS,1584411918,65.68,-18.09,314.3,90,274.15,96
Posse,BR,1584411918,-14.09,-46.37,0.79,97,293.63,97
Pacific Grove,US,1584411734,36.62,-121.92,6.19,1,284.82,62
Zhezkazgan,KZ,1584411918,47.8,67.71,3.0,75,276.15,86
Izhma,RU,1584411919,65.01,53.91,6.39,100,271.69,92
Lashio,MM,1584411919,22.93,97.75,1.22,9,301.77,25
Sept-Îles,CA,1584411919,50.2,-66.38,1.5,20,258.71,83
Itō,JP,1584411919,34.97,139.08,5.1,75,284.82,53
Naples,IT,1584411814,40.83,14.25,1.5,0,285.37,75
Torit,SS,1584411920,4.41,32.57,1.56,92,299.3,55
Ulaangom,MN,1584411920,49.98,92.07,1.19,97,263.96,86
Yulara,AU,1584411838,-25.24,130.99,4.6,0,307.15,9
Weihe,CN,1584411920,33.0,105.32,2.0,100,286.31,25
Kumul,CN,1584411920,42.8,93.45,1.49,1,284.06,17
Kavaratti,IN,1584411885,10.57,72.64,3.27,20,301.15,74
Saint-Joseph,RE,1584411921,-21.37,55.62,2.1,75,297.15,88
Bom Jardim,BR,1584411921,-7.8,-35.59,1.51,100,297.87,87
Ilulissat,GL,1584411883,69.22,-51.1,6.2,28,253.15,48
Coahuayana Viejo,MX,1584411787,18.73,-103.68,1.81,75,296.15,78
Port Macquarie,AU,1584411820,-31.43,152.92,4.6,75,295.37,93
Oktyabr'skiy,RU,1584411922,54.48,53.47,3.7,0,265.94,91
Chifeng,CN,1584411922,42.27,118.96,9.19,0,278.46,28
Boa Vista,BR,1584411814,2.82,-60.67,2.6,75,305.15,49
Guerrero Negro,MX,1584411839,27.98,-114.06,6.22,100,288.73,69
Iqaluit,CA,1584411840,63.75,-68.51,6.2,90,259.15,71
Leshukonskoye,RU,1584411922,64.9,45.76,4.32,70,267.58,90
Cap Malheureux,MU,1584411923,-19.98,57.61,4.1,75,297.15,94
Ishigaki,JP,1584411923,24.34,124.16,3.6,40,295.15,56
Bonavista,CA,1584411893,48.65,-53.11,0.89,0,263.71,79
Mandan,US,1584411923,46.83,-100.89,9.3,90,271.15,79
Mundo Nuevo (Ojo de Agua),MX,1584411810,18.7,-95.5,3.48,0,295.43,92
Vanavara,RU,1584411798,60.34,102.28,5.45,100,272.36,95
Trelew,AR,1584411663,-43.25,-65.31,4.96,6,293.24,39
Jalu,LY,1584411841,29.03,21.55,7.03,0,289.52,54
Isiolo,KE,1584411924,0.35,37.58,0.48,90,296.13,60
San Vicente,AR,1584411924,-26.62,-54.13,1.14,0,294.56,72
Kolāras,IN,1584411924,25.23,77.6,2.86,100,294.62,31
Cranbrook,CA,1584411662,49.5,-115.77,1.0,20,274.15,47
Hamilton,US,1584411630,39.18,-84.53,1.5,90,281.15,70
Sucre,BO,1584411925,-19.03,-65.26,1.26,100,283.38,94
Banjar,ID,1584411925,-8.19,114.97,4.1,20,303.15,84
Turukhansk,RU,1584411877,65.82,87.98,3.28,89,247.56,93
George Town,MY,1584411856,5.41,100.34,3.1,20,303.15,55
Bafatá,GW,1584411926,12.17,-14.75,1.52,69,294.25,40
Malbork,PL,1584411926,54.04,19.03,1.0,90,278.15,100
Zheleznodorozhnyy,RU,1584411926,55.75,38.0,1.0,100,275.93,59
Jimeta,NG,1584411926,9.28,12.47,1.15,66,296.11,11
Ilām,NP,1584411926,26.92,87.92,1.73,0,288.26,43
Bodaybo,RU,1584411927,57.85,114.19,1.51,100,268.71,94
Honningsvåg,NO,1584411927,70.98,25.97,14.03,100,269.99,76
Port Lincoln,AU,1584411876,-34.73,135.87,5.33,100,301.71,24
Dudinka,RU,1584411927,69.41,86.18,6.0,100,251.15,76
Sydney,AU,1584411778,-33.87,151.21,4.1,75,295.93,68
San Cristobal,VE,1584411928,7.77,-72.22,1.0,40,300.15,65
Malpe,IN,1584411928,13.35,74.72,2.1,20,299.15,74
Ilo,PE,1584411928,-17.64,-71.34,0.94,100,295.24,83
Lüderitz,NA,1584411875,-26.65,15.16,0.5,0,290.15,93
Pangnirtung,CA,1584411928,66.15,-65.71,3.52,100,251.15,95
Horasan,TR,1584411928,40.05,42.17,2.06,97,271.71,88
Dwārka,IN,1584411905,22.24,68.97,7.0,1,297.61,56
Nouadhibou,MR,1584411744,20.93,-17.03,9.8,100,291.15,72
Aasiaat,GL,1584411929,68.71,-52.87,6.21,42,246.87,85
Mehamn,NO,1584411928,71.04,27.85,13.43,100,267.46,87
Nueve de Julio,AR,1584411929,-35.44,-60.88,0.89,0,292.04,80
Antalaha,MG,1584411930,-14.9,50.28,1.82,49,299.18,70
Arrondissement de Saint-Dizier,FR,1584411930,48.42,5.08,2.6,75,283.15,87
Vardø,NO,1584411779,70.37,31.11,13.16,100,269.27,81
Agüimes,ES,1584411930,27.91,-15.45,11.3,75,290.37,55
Bandarbeyla,SO,1584411930,9.49,50.81,5.18,100,299.39,80
Fort Saint James,CA,1584411838,54.43,-124.25,0.35,96,267.89,91
Poum,NC,1584411752,-20.23,164.02,8.18,1,300.01,79
Bereda,ES,1584411869,43.27,-7.54,2.1,59,284.26,76
Hambantota,LK,1584411763,6.12,81.12,2.1,40,298.15,100
Mandalgovi,MN,1584411931,45.76,106.27,4.97,87,280.75,23
Sangmélima,CM,1584411932,2.93,11.98,1.71,98,295.33,90
Shibetsu,JP,1584411932,43.66,145.13,5.1,20,274.15,50
Kenai,US,1584411870,60.55,-151.26,4.6,1,275.15,58
Te Karaka,NZ,1584411932,-38.47,177.87,5.89,100,285.8,92
Gizo Government Station,SB,1584411866,-8.1,156.84,1.88,95,301.57,78
Tabuk,PH,1584411843,17.42,121.44,3.46,12,299.64,61
Tabou,CI,1584411859,4.42,-7.35,1.53,99,297.99,93
Dali,CN,1584411933,25.7,100.18,2.23,78,290.9,44
Neiafu,TO,1584411831,-18.65,-173.98,4.6,75,303.15,79
Acajutla,SV,1584411661,13.59,-89.83,0.89,0,297.04,87
Laas,IT,1584411897,46.62,10.7,1.0,32,277.59,92
Udachny,RU,1584411934,66.42,112.4,4.0,100,251.15,83
Russell,US,1584411934,32.35,-85.2,4.1,90,294.26,82
Buin,CL,1584411934,-33.73,-70.75,5.7,0,289.15,67
Meulaboh,ID,1584411906,4.14,96.13,2.67,26,300.58,79
Thunder Bay,CA,1584411934,48.4,-89.32,6.2,75,273.15,83
Labuhan,ID,1584411834,-6.88,112.21,2.69,10,302.52,72
Broken Hill,AU,1584411899,-31.95,141.43,4.1,13,301.15,26
Sindor,RU,1584411935,62.86,51.89,5.28,100,271.64,95
Melbu,NO,1584411935,68.5,14.83,2.68,100,274.82,70
Brae,GB,1584411868,60.4,-1.35,13.4,96,280.15,81
La Palma,US,1584411799,33.85,-118.05,2.1,90,287.59,87
Oistins,BB,1584411936,13.07,-59.53,4.1,20,298.15,73
Verkhnetulomskiy,RU,1584411936,68.61,31.8,4.0,40,268.15,67
Tubualá,PA,1584411936,9.52,-79.03,2.1,20,299.15,65
Havre-St-Pierre,CA,1584411898,50.23,-63.6,3.84,1,254.15,84
Cherskiy,RU,1584411847,68.75,161.3,8.54,30,270.1,80
Umluj,SA,1584411932,25.02,37.27,1.32,0,293.83,37
Tsaratanana,MG,1584411937,-16.78,47.65,1.2,19,292.5,94
Cassilândia,BR,1584411937,-19.11,-51.73,0.33,61,294.77,88
Taoudenni,ML,1584411850,22.68,-3.98,3.78,78,294.0,12
Virginia Beach,US,1584411859,36.85,-75.98,3.6,90,281.48,93
Yerbogachën,RU,1584411938,61.28,108.01,3.41,100,271.58,96
Ghanzi,BW,1584411938,-21.57,21.78,2.22,0,292.79,77
Stradella,IT,1584411938,45.07,9.3,1.0,18,282.04,86
Folkestone,GB,1584411938,51.08,1.18,3.1,33,279.82,93
Sikasso,ML,1584411938,10.92,-7.0,1.73,86,299.13,18
Humaitá,BR,1584411907,-7.51,-63.02,0.66,100,296.54,97
Zunyi,CN,1584411866,27.69,106.91,0.46,100,282.76,87
Pincher Creek,CA,1584411939,49.48,-113.95,2.1,1,270.37,67
Celestún,MX,1584411940,20.87,-90.4,10.19,0,298.38,80
Mahibadhoo,MV,1584411940,3.78,72.97,5.73,98,301.8,77
Janakkala,FI,1584411940,60.9,24.6,1.0,38,270.37,92
Porto Velho,BR,1584411620,-8.76,-63.9,0.5,40,297.15,94
‘Āhuimanu,US,1584411862,21.44,-157.84,2.6,90,299.15,69
San Ramon,US,1584411941,37.78,-121.98,4.1,20,284.26,81
Patacamaya,BO,1584411941,-17.23,-67.92,2.29,100,279.44,90
Katiola,CI,1584411941,8.13,-5.1,4.1,20,301.15,74
Tateyama,JP,1584411929,34.98,139.87,5.1,75,284.82,53
Erzurum Province,TR,1584411942,40.0,41.5,5.1,90,272.15,86
Ureki,GE,1584411942,42.0,41.78,3.1,90,276.15,93
Nísia Floresta,BR,1584411942,-6.09,-35.21,1.0,75,298.15,94
Kankan,GN,1584411942,10.39,-9.31,4.45,94,301.35,18
Coari,BR,1584411942,-4.08,-63.14,0.51,100,297.15,95
Ojinaga,MX,1584411943,29.57,-104.42,5.1,1,302.15,30
Harper,LR,1584411905,4.38,-7.72,1.53,99,297.99,93
Andenes,NO,1584411943,69.31,16.12,7.7,100,273.15,77
Whitley Bay,GB,1584411943,55.04,-1.45,4.6,40,282.59,87
Chililabombwe,ZM,1584411943,-12.36,27.82,1.7,100,289.19,97
Yelizovo,RU,1584411943,53.19,158.38,4.0,86,271.15,39
Sovetskiy,RU,1584411944,61.36,63.58,4.32,88,266.71,95
Maiduguri,NG,1584411944,11.85,13.16,3.31,66,292.62,17
Salym,RU,1584411944,60.06,71.48,3.38,33,263.88,91
São José da Coroa Grande,BR,1584411841,-8.9,-35.15,4.86,100,301.4,76
Broome,US,1584411775,42.25,-75.83,6.2,90,278.15,59
Pevek,RU,1584411823,69.7,170.31,10.35,94,270.62,78
Aland,IN,1584411945,17.57,76.57,5.71,0,300.71,51
Yaan,NG,1584411945,7.38,8.57,3.64,100,300.18,76
Dryden,CA,1584411682,49.78,-92.75,7.2,1,267.15,53
Kidal,ML,1584411857,18.44,1.41,4.1,22,298.48,12
San Quintín,MX,1584411863,30.48,-115.95,2.43,7,287.14,69
Rome,US,1584411646,43.21,-75.46,4.1,90,281.15,38
Homer,US,1584411946,59.64,-151.55,1.5,1,275.15,59
Vargashi,RU,1584411946,55.36,65.85,5.98,70,269.76,82
Lata,PT,1584411885,40.16,-8.33,2.68,48,283.71,70
Manakara,MG,1584411946,-22.13,48.02,0.86,0,295.0,96
Kundiawa,PG,1584411947,-6.02,144.97,1.24,100,290.21,85
Matara,LK,1584411947,5.95,80.54,3.15,100,300.15,75
Sherpur,BD,1584411947,25.02,90.02,1.96,3,300.39,30
Marsh Harbour,BS,1584411906,26.54,-77.06,5.44,91,295.74,82
Camacha,PT,1584411948,33.08,-16.33,5.7,40,288.15,58
Husavik,IS,1584411875,66.04,-17.34,314.3,90,274.15,90
Porto Seguro,BR,1584411948,-16.45,-39.06,1.0,40,298.15,83
Libreville,GA,1584411948,0.39,9.45,1.5,75,300.15,94
Benin,BJ,1584411948,9.5,2.25,1.24,100,299.45,55
Zwedru,LR,1584411949,6.07,-8.13,0.91,23,295.83,99
Kashary,RU,1584411949,49.04,41.01,1.12,0,272.15,70
Yumen,CN,1584411885,40.28,97.2,9.66,0,282.18,12
Skibbereen,IE,1584411889,51.55,-9.27,4.1,40,282.15,93
Aktash,RU,1584411949,50.3,87.73,1.63,100,271.43,68
Santa Cruz de la Sierra,BO,1584411949,-17.8,-63.17,1.0,75,296.15,94
Baruun-Urt,MN,1584411736,46.68,113.28,5.94,0,273.17,77
Gejiu,CN,1584411950,23.31,103.16,4.1,5,294.07,49
Mabaruma,GY,1584411950,8.2,-59.78,0.79,99,294.88,95
Sabzawār,IR,1584411950,36.21,57.68,1.14,33,286.33,57
Panabá,MX,1584411950,21.28,-88.27,5.04,0,297.71,75
Qax,AZ,1584411950,41.42,46.92,6.2,90,278.15,93
Norman Wells,CA,1584411843,65.28,-126.83,1.0,90,261.15,85
Lafia,NG,1584411951,8.48,8.52,0.4,100,298.88,35
Clarksburg,US,1584411951,39.28,-80.34,2.1,90,284.26,66
Puerto Lleras,CO,1584411951,3.02,-73.4,0.46,97,299.54,69
Paso de Patria,AR,1584411952,-27.25,-58.55,3.6,0,299.15,78
Chengde,CN,1584411952,40.97,117.94,5.81,0,282.81,21
Bara,NG,1584411952,10.37,10.73,2.58,48,291.77,12
Tambovka,RU,1584411952,50.1,128.05,1.0,40,271.15,54
Ranong,TH,1584411952,9.97,98.63,3.1,40,303.15,70
Awjilah,LY,1584411953,29.11,21.29,7.03,0,289.52,54
Whitehorse,CA,1584411723,60.72,-135.05,3.1,40,275.15,31
Rio Grande,BR,1584411803,-32.03,-52.1,4.46,0,293.15,83
Ankang,CN,1584411953,32.68,109.02,0.45,100,285.37,29
Gunnedah,AU,1584411953,-30.98,150.25,4.6,40,296.15,49
Ikeda,JP,1584411953,34.82,135.43,3.1,75,285.93,53
Sverdlovskiy,RU,1584411954,55.91,38.15,1.0,100,275.93,59
Saint-Louis,SN,1584411954,16.33,-15.0,5.01,92,294.87,24
Coquimbo,CL,1584411895,-29.95,-71.34,1.0,90,289.15,82
Aitape,PG,1584411954,-3.14,142.35,1.09,98,299.75,79
Pasco,US,1584411729,28.29,-82.42,3.1,1,298.15,78
Bangkalan,ID,1584411955,-7.05,112.74,2.77,18,303.15,72
Campbellsville,US,1584411955,37.34,-85.34,1.16,90,282.59,100
Hokitika,NZ,1584411955,-42.72,170.97,0.7,0,291.26,53
Baghmara,IN,1584411955,23.8,86.21,1.64,0,296.96,37
Mandalī,IQ,1584411955,33.75,45.55,2.08,58,290.88,59
Narón,ES,1584411956,43.52,-8.15,2.1,43,284.26,76
Rørvik,NO,1584411956,64.86,11.24,13.68,100,276.01,75
Ambilobe,MG,1584411956,-13.2,49.05,1.52,56,296.87,94
Kungur,RU,1584411956,57.44,56.96,3.59,31,263.48,91
Gainesville,US,1584411956,29.65,-82.32,3.6,94,296.48,100
Omboué,GA,1584411956,-1.57,9.26,1.51,100,296.98,96
Baykit,RU,1584411893,61.67,96.37,5.58,100,264.92,77
Mahanoro,MG,1584411957,-19.9,48.8,3.49,0,298.33,83
Kourou,GF,1584411957,5.16,-52.65,1.5,20,299.15,83
Ponta Delgada,PT,1584411888,37.73,-25.67,0.5,20,286.15,87
Bāfq,IR,1584411957,31.61,55.41,4.18,0,288.46,39
Pithoro,PK,1584411958,25.52,69.38,2.97,19,297.13,21
Boyabat,TR,1584411958,41.47,34.77,1.17,34,268.38,88
Tazovsky,RU,1584411753,67.47,78.7,7.09,99,258.74,91
Leh,IN,1584411823,34.17,77.58,0.49,67,262.73,32
Atasū,KZ,1584411959,48.68,71.64,3.14,96,277.31,71
Vila,PT,1584411959,42.03,-8.16,4.1,27,283.15,70
Mbandaka,CD,1584411959,0.05,18.26,0.68,100,294.79,95
La Ronge,CA,1584411815,55.1,-105.28,6.2,40,264.15,52
Inhambane,MZ,1584411960,-23.86,35.38,9.1,25,298.21,82
Vao,NC,1584411960,-22.67,167.48,6.63,52,299.04,73
San Patricio,MX,1584411865,19.22,-104.7,2.6,5,299.15,83
Gondanglegi,ID,1584411813,-7.75,112.01,0.29,14,303.38,66
Coyhaique,CL,1584411771,-45.58,-72.07,1.0,20,285.15,81
Beauceville,CA,1584411961,46.22,-70.78,3.67,90,270.37,69
Greymouth,NZ,1584411961,-42.47,171.2,0.7,0,291.26,53
Lompoc,US,1584411961,34.64,-120.46,1.34,1,283.15,87
Staroaleyskoye,RU,1584411962,51.01,82.0,1.74,88,274.65,81
Gwadar,PK,1584411962,25.12,62.33,2.08,0,296.06,59
Esim,GH,1584411962,4.87,-2.24,1.75,100,298.77,92
Morondava,MG,1584411887,-20.28,44.28,0.65,0,294.89,96
Lufkin,US,1584411962,31.34,-94.73,2.14,1,292.15,82
San Jose,US,1584411742,37.34,-121.89,4.6,75,284.26,66
Tautira,PF,1584411913,-17.73,-149.15,3.1,40,305.15,62
Kavieng,PG,1584411853,-2.57,150.8,4.5,32,302.24,72
Măureni,RO,1584411963,45.4,21.5,9.8,42,281.15,33
Tomas Oppus,PH,1584411963,10.25,124.98,5.65,100,300.32,77
Flinders,AU,1584411831,-34.58,150.86,4.1,40,296.15,43
Porto Murtinho,BR,1584411964,-21.7,-57.88,1.92,3,297.85,84
Santa Cruz,MA,1584411952,30.42,-9.6,1.23,0,285.15,81
Dunedin,NZ,1584411768,-45.87,170.5,3.58,51,285.37,59
Katobu,ID,1584411937,-4.94,122.53,1.97,68,301.37,82
Zhangjiakou,CN,1584411964,40.81,114.88,6.93,0,279.83,31
Măieruş,RO,1584411965,45.9,25.53,0.32,13,273.15,62
Dakar,SN,1584411750,14.69,-17.44,8.2,13,294.15,88
Rio Verde de Mato Grosso,BR,1584411965,-18.92,-54.84,2.74,0,296.96,76
Omsukchan,RU,1584411793,62.53,155.8,2.94,100,259.46,93
Marsá Maţrūḩ,EG,1584411797,31.35,27.25,5.1,40,286.15,76
Pringsewu,ID,1584411966,-5.36,104.97,2.11,100,301.15,70
Alamogordo,US,1584411966,32.9,-105.96,3.1,1,292.04,30
Caxito,AO,1584411967,-8.58,13.66,2.1,40,300.15,78
Yugo-Kamskiy,RU,1584411967,57.71,55.59,5.0,0,267.15,73
Tulgheş,RO,1584411967,46.95,25.77,2.18,83,272.59,54
Sioux Lookout,CA,1584411588,50.1,-91.92,3.1,20,268.15,49
Vila Franca do Campo,PT,1584411918,37.72,-25.43,0.5,20,286.15,87
Zhicheng,CN,1584411968,30.3,111.5,2.29,86,292.04,56
St. George's,GD,1584411965,12.06,-61.75,5.18,20,297.15,88
Riobamba,EC,1584411734,-1.67,-78.63,1.34,100,283.46,96
Rincon,US,1584411734,32.3,-81.24,3.1,90,290.15,87
Hirara,JP,1584411968,24.8,125.28,3.1,20,295.15,53
Hofn,IS,1584411893,64.25,-15.21,16.73,100,276.92,84
Gemeente Wageningen,NL,1584411969,51.97,5.67,2.1,20,279.26,100
São Borja,BR,1584411969,-28.66,-56.0,5.18,0,297.33,66
Lamar,US,1584411969,33.67,-95.58,3.6,90,287.59,100
Erzin,TR,1584411970,36.96,36.2,2.1,75,285.15,100
Erenhot,CN,1584411843,43.65,111.98,5.93,0,280.08,32
Jilotepec,MX,1584411970,19.6,-96.93,1.33,76,285.71,94
Goderich,CA,1584411866,43.75,-81.72,0.45,100,277.04,93
Dustlik,UZ,1584411970,40.52,68.04,4.26,100,290.74,46
Mutoko,ZW,1584411970,-17.4,32.23,1.74,93,289.79,94
Marabu,MY,1584411971,4.41,114.01,2.6,75,302.15,83
Iwanai,JP,1584411971,42.97,140.51,6.16,100,275.44,78
Batagay,RU,1584411971,67.63,134.63,1.34,95,257.11,88
Athens,GR,1584411971,37.98,23.72,5.1,20,282.59,57
Charters Towers,AU,1584411817,-20.1,146.27,4.74,20,302.75,40
Bukachacha,RU,1584411972,52.98,116.92,2.59,100,267.21,91
Ayr,GB,1584411972,55.46,-4.63,8.2,20,281.48,81
Kirensk,RU,1584411972,57.79,108.11,6.32,100,273.08,85
Richards Bay,ZA,1584411891,-28.78,32.04,5.42,100,295.14,65
Verkhnyaya Inta,RU,1584411972,65.98,60.31,6.97,98,267.33,80
